{
    "1NN without Feature Selection": {
        "Accuracies": [
            0.7142857142857143,
            0.7402597402597403,
            0.6623376623376623,
            0.6493506493506493,
            0.6493506493506493,
            0.6753246753246753,
            0.6623376623376623,
            0.7662337662337663,
            0.6710526315789473,
            0.6447368421052632
        ],
        "Max": 0.7662337662337663,
        "Min": 0.6447368421052632,
        "Mean": 0.6835269993164729,
        "Standard Deviation": 0.042119799775785435,
        "Confusion Matrix": {
            "True Positive": 149,
            "False Positive": 124,
            "True Negative": 376,
            "False Negative": 119
        }
    },
    "1NN with Feature Selection": {
        "Accuracies": [
            0.6753246753246753,
            0.7272727272727273,
            0.7142857142857143,
            0.5844155844155844,
            0.7012987012987013,
            0.6883116883116883,
            0.6623376623376623,
            0.6623376623376623,
            0.6578947368421053,
            0.75
        ],
        "Max": 0.75,
        "Min": 0.5844155844155844,
        "Mean": 0.682347915242652,
        "Standard Deviation": 0.04600556837520273,
        "Confusion Matrix": {
            "True Positive": 147,
            "False Positive": 123,
            "True Negative": 377,
            "False Negative": 121
        }
    },
    "5NN without Feature Selection": {
        "Accuracies": [
            0.6753246753246753,
            0.8051948051948052,
            0.8051948051948052,
            0.6883116883116883,
            0.7142857142857143,
            0.7012987012987013,
            0.8181818181818182,
            0.8181818181818182,
            0.7631578947368421,
            0.75
        ],
        "Max": 0.8181818181818182,
        "Min": 0.6753246753246753,
        "Mean": 0.7539131920710869,
        "Standard Deviation": 0.05621351338897266,
        "Confusion Matrix": {
            "True Positive": 167,
            "False Positive": 88,
            "True Negative": 412,
            "False Negative": 101
        }
    },
    "5NN with Feature Selection": {
        "Accuracies": [
            0.7532467532467533,
            0.7792207792207793,
            0.8051948051948052,
            0.6233766233766234,
            0.7272727272727273,
            0.7012987012987013,
            0.7792207792207793,
            0.8571428571428571,
            0.7368421052631579,
            0.75
        ],
        "Max": 0.8571428571428571,
        "Min": 0.6233766233766234,
        "Mean": 0.7512816131237183,
        "Standard Deviation": 0.06264790272329503,
        "Confusion Matrix": {
            "True Positive": 166,
            "False Positive": 89,
            "True Negative": 411,
            "False Negative": 102
        }
    },
    "Naive Bayes without Feature Selection": {
        "Accuracies": [
            0.7402597402597403,
            0.7402597402597403,
            0.7532467532467533,
            0.7142857142857143,
            0.7272727272727273,
            0.7662337662337663,
            0.7402597402597403,
            0.8311688311688312,
            0.7368421052631579,
            0.7763157894736842
        ],
        "Max": 0.8311688311688312,
        "Min": 0.7142857142857143,
        "Mean": 0.7526144907723855,
        "Standard Deviation": 0.03289107981869339,
        "Confusion Matrix": {
            "True Positive": 163,
            "False Positive": 85,
            "True Negative": 415,
            "False Negative": 105
        }
    },
    "Naive Bayes with Feature Selection": {
        "Accuracies": [
            0.7532467532467533,
            0.7402597402597403,
            0.7792207792207793,
            0.6883116883116883,
            0.7402597402597403,
            0.8051948051948052,
            0.7662337662337663,
            0.8181818181818182,
            0.6973684210526315,
            0.8157894736842105
        ],
        "Max": 0.8181818181818182,
        "Min": 0.6883116883116883,
        "Mean": 0.7604066985645932,
        "Standard Deviation": 0.04574530295339812,
        "Confusion Matrix": {
            "True Positive": 150,
            "False Positive": 66,
            "True Negative": 434,
            "False Negative": 118
        }
    }
}