{
    "1NN without Feature Selection": {
        "Accuracies": [
            0.7142857142857143,
            0.7402597402597403,
            0.6623376623376623,
            0.6493506493506493,
            0.6493506493506493,
            0.6753246753246753,
            0.6623376623376623,
            0.7662337662337663,
            0.6710526315789473,
            0.64
        ],
        "Max": 0.7662337662337663,
        "Min": 0.64,
        "Mean": 0.6830533151059466,
        "Standard Deviation": 0.042628078128132005
    },
    "1NN with Feature Selection": {
        "Accuracies": [
            0.6753246753246753,
            0.7272727272727273,
            0.7142857142857143,
            0.5844155844155844,
            0.7012987012987013,
            0.6883116883116883,
            0.6623376623376623,
            0.6623376623376623,
            0.6623376623376623,
            0.7466666666666667
        ],
        "Max": 0.7466666666666667,
        "Min": 0.5844155844155844,
        "Mean": 0.6824588744588744,
        "Standard Deviation": 0.045229092498835444
    },
    "5NN without Feature Selection": {
        "Accuracies": [
            0.6753246753246753,
            0.8051948051948052,
            0.8051948051948052,
            0.6883116883116883,
            0.7142857142857143,
            0.7012987012987013,
            0.8181818181818182,
            0.8181818181818182,
            0.7631578947368421,
            0.7466666666666667
        ],
        "Max": 0.8181818181818182,
        "Min": 0.6753246753246753,
        "Mean": 0.7535798587377536,
        "Standard Deviation": 0.05624916763327896
    },
    "5NN with Feature Selection": {
        "Accuracies": [
            0.7532467532467533,
            0.7792207792207793,
            0.8051948051948052,
            0.6233766233766234,
            0.7272727272727273,
            0.7012987012987013,
            0.7792207792207793,
            0.8571428571428571,
            0.7402597402597403,
            0.7466666666666667
        ],
        "Max": 0.8571428571428571,
        "Min": 0.6233766233766234,
        "Mean": 0.7512900432900433,
        "Standard Deviation": 0.0625881371638312
    },
    "Naive Bayes without Feature Selection": {
        "Accuracies": [
            0.7402597402597403,
            0.7402597402597403,
            0.7532467532467533,
            0.7142857142857143,
            0.7272727272727273,
            0.7662337662337663,
            0.7402597402597403,
            0.8311688311688312,
            0.7236842105263158,
            0.7733333333333333
        ],
        "Max": 0.8311688311688312,
        "Min": 0.7142857142857143,
        "Mean": 0.7510004556846663,
        "Standard Deviation": 0.03360897522242573
    },
    "Naive Bayes with Feature Selection": {
        "Accuracies": [
            0.7532467532467533,
            0.7402597402597403,
            0.7792207792207793,
            0.6883116883116883,
            0.7402597402597403,
            0.8051948051948052,
            0.7662337662337663,
            0.8181818181818182,
            0.7012987012987013,
            0.8133333333333334
        ],
        "Max": 0.8181818181818182,
        "Min": 0.6883116883116883,
        "Mean": 0.7605541125541124,
        "Standard Deviation": 0.04482978321624986
    }
}